Date,Ordered Product Sales,Ordered Product Sales - B2B,Units Ordered,Units Ordered - B2B,Total Order Items,Total Order Items - B2B,Average Sales per Order Item,Average Sales per Order Item - B2B,Average Units per Order Item,Average Units per Order Item - B2B,Average Selling Price,Average Selling Price - B2B,Sessions - Total,Sessions - Total - B2B,Order Item Session Percentage,Order Item Session Percentage - B2B,Average Offer Count
9/1/24,"$72,159.03","$1,377.90","6,400",136,"5,411",101,$13.34,$13.64,1.18,1.35,$11.27,$10.13,"12,293",185,44.02%,54.59%,467
9/2/24,"$76,853.81","$1,421.09","6,789",135,"5,820",108,$13.21,$13.16,1.17,1.25,$11.32,$10.53,"13,722",219,42.41%,49.32%,465
9/3/24,"$71,877.10","$2,069.89","6,363",197,"5,389",138,$13.34,$15.00,1.18,1.43,$11.30,$10.51,"12,521",230,43.04%,60.00%,464
9/4/24,"$71,233.90","$1,687.35","6,337",173,"5,428",130,$13.12,$12.98,1.17,1.33,$11.24,$9.75,"12,776",244,42.49%,53.28%,464
9/5/24,"$68,075.37","$1,950.93","6,090",194,"5,200",137,$13.09,$14.24,1.17,1.42,$11.18,$10.06,"12,393",241,41.96%,56.85%,465
9/6/24,"$63,072.51","$1,551.77","5,652",168,"4,887",135,$12.91,$11.49,1.16,1.24,$11.16,$9.24,"11,499",216,42.50%,62.50%,465
9/7/24,"$65,584.80","$1,364.64","5,836",135,"5,000",89,$13.12,$15.33,1.17,1.52,$11.24,$10.11,"11,723",172,42.65%,51.74%,465
9/8/24,"$77,408.14","$1,175.74","6,870",116,"5,830",81,$13.28,$14.52,1.18,1.43,$11.27,$10.14,"13,367",190,43.61%,42.63%,463
9/9/24,"$73,146.68","$2,053.71","6,494",214,"5,497",151,$13.31,$13.60,1.18,1.42,$11.26,$9.60,"14,401",241,38.17%,62.66%,461
9/10/24,"$71,161.87","$2,622.59","6,308",250,"5,263",146,$13.52,$17.96,1.20,1.71,$11.28,$10.49,"12,897",231,40.81%,63.20%,464
9/11/24,"$66,806.69","$1,545.03","5,950",158,"5,142",119,$12.99,$12.98,1.16,1.33,$11.23,$9.78,"12,352",223,41.63%,53.36%,467
9/12/24,"$69,213.22","$1,417.75","6,232",158,"5,243",123,$13.20,$11.53,1.19,1.28,$11.11,$8.97,"12,245",228,42.82%,53.95%,468
9/13/24,"$65,076.41","$1,312.99","5,819",139,"4,963",112,$13.11,$11.72,1.17,1.24,$11.18,$9.45,"11,286",208,43.97%,53.85%,471
9/14/24,"$65,402.28","$1,081.28","5,860",113,"4,974",90,$13.15,$12.01,1.18,1.26,$11.16,$9.57,"11,430",190,43.52%,47.37%,473
9/15/24,"$84,246.14","$1,306.21","7,468",131,"6,246",98,$13.49,$13.33,1.20,1.34,$11.28,$9.97,"13,084",176,47.74%,55.68%,473
9/16/24,"$75,585.12","$1,664.75","6,688",181,"5,739",139,$13.17,$11.98,1.17,1.30,$11.30,$9.20,"13,111",227,43.77%,61.23%,473
9/17/24,"$71,429.20","$1,402.32","6,331",158,"5,370",137,$13.30,$10.24,1.18,1.15,$11.28,$8.88,"12,974",243,41.39%,56.38%,467
9/18/24,"$73,620.01","$1,692.09","6,565",174,"5,441",130,$13.53,$13.02,1.21,1.34,$11.21,$9.72,"12,890",216,42.21%,60.19%,467
9/19/24,"$68,459.55","$1,934.00","6,109",234,"5,082",128,$13.47,$15.11,1.20,1.83,$11.21,$8.26,"12,047",254,42.18%,50.39%,470
9/20/24,"$64,334.69","$1,616.69","5,713",166,"4,797",138,$13.41,$11.72,1.19,1.20,$11.26,$9.74,"11,028",174,43.50%,79.31%,474
9/21/24,"$63,347.43","$1,797.27","5,594",172,"4,738",100,$13.37,$17.97,1.18,1.72,$11.32,$10.45,"11,152",165,42.49%,60.61%,474
9/22/24,"$80,122.50","$1,516.97","7,082",152,"5,916",104,$13.54,$14.59,1.20,1.46,$11.31,$9.98,"13,231",226,44.71%,46.02%,473
9/23/24,"$74,581.99","$2,419.22","6,528",244,"5,557",173,$13.42,$13.98,1.17,1.41,$11.42,$9.91,"13,653",202,40.70%,85.64%,474
9/24/24,"$71,566.72","$1,953.41","6,315",205,"5,358",166,$13.36,$11.77,1.18,1.23,$11.33,$9.53,"12,977",257,41.29%,64.59%,472
9/25/24,"$73,105.77","$1,838.77","6,427",199,"5,504",139,$13.28,$13.23,1.17,1.43,$11.37,$9.24,"13,340",229,41.26%,60.70%,475
9/26/24,"$69,714.34","$2,300.91","6,125",239,"5,207",159,$13.39,$14.47,1.18,1.50,$11.38,$9.63,"12,975",222,40.13%,71.62%,473
9/27/24,"$65,804.03","$1,655.39","5,882",194,"5,021",138,$13.11,$12.00,1.17,1.41,$11.19,$8.53,"12,007",206,41.82%,66.99%,474
9/28/24,"$65,041.44","$1,234.89","5,655",135,"4,868",119,$13.36,$10.38,1.16,1.13,$11.50,$9.15,"12,101",155,40.23%,76.77%,472
9/29/24,"$78,334.42","$1,794.07","6,857",189,"5,931",158,$13.21,$11.35,1.16,1.20,$11.42,$9.49,"13,136",210,45.15%,75.24%,473
9/30/24,"$77,816.17","$3,858.01","6,908",446,"5,891",372,$13.21,$10.37,1.17,1.20,$11.26,$8.65,"14,069",256,41.87%,145.31%,472
10/1/24,"$81,835.74","$6,270.16","7,391",709,"6,198",537,$13.20,$11.68,1.19,1.32,$11.07,$8.84,"13,575",216,45.66%,248.61%,474
10/2/24,"$73,940.43","$4,071.44","6,593",458,"5,577",355,$13.26,$11.47,1.18,1.29,$11.22,$8.89,"12,949",238,43.07%,149.16%,473
10/3/24,"$73,095.78","$2,725.71","6,459",304,"5,479",260,$13.34,$10.48,1.18,1.17,$11.32,$8.97,"13,169",226,41.61%,115.04%,475
10/4/24,"$64,677.42","$2,659.89","5,724",300,"4,883",256,$13.25,$10.39,1.17,1.17,$11.30,$8.87,"11,761",191,41.52%,134.03%,476
10/5/24,"$66,029.68","$2,161.97","5,771",245,"4,799",190,$13.76,$11.38,1.20,1.29,$11.44,$8.82,"11,909",180,40.30%,105.56%,477
10/6/24,"$78,280.07","$1,855.78","6,905",204,"5,774",155,$13.56,$11.97,1.20,1.32,$11.34,$9.10,"13,382",160,43.15%,96.88%,478
10/7/24,"$67,020.84","$2,951.00","5,945",320,"4,996",230,$13.41,$12.83,1.19,1.39,$11.27,$9.22,"12,832",223,38.93%,103.14%,477
10/8/24,"$102,111.41","$3,064.93","9,192",328,"7,503",216,$13.61,$14.19,1.23,1.52,$11.11,$9.34,"15,949",222,47.04%,97.30%,471
10/9/24,"$96,270.81","$3,097.39","8,584",318,"7,159",198,$13.45,$15.64,1.20,1.61,$11.22,$9.74,"13,727",272,52.15%,72.79%,471
10/10/24,"$62,508.60","$2,545.07","5,567",290,"4,622",184,$13.52,$13.83,1.20,1.58,$11.23,$8.78,"10,958",166,42.18%,110.84%,471
10/11/24,"$55,836.48","$1,999.07","5,038",225,"4,234",178,$13.19,$11.23,1.19,1.26,$11.08,$8.88,"10,133",165,41.78%,107.88%,471
10/12/24,"$59,353.41","$1,593.50","5,266",170,"4,444",139,$13.36,$11.46,1.18,1.22,$11.27,$9.37,"10,327",164,43.03%,84.76%,471
10/13/24,"$74,013.24","$1,560.24","6,519",166,"5,488",140,$13.49,$11.14,1.19,1.19,$11.35,$9.40,"12,000",189,45.73%,74.07%,471
10/14/24,"$74,039.37","$2,446.08","6,532",270,"5,514",200,$13.43,$12.23,1.18,1.35,$11.33,$9.06,"12,630",201,43.66%,99.50%,472
10/15/24,"$67,372.57","$2,394.26","5,971",261,"5,096",206,$13.22,$11.62,1.17,1.27,$11.28,$9.17,"12,245",207,41.62%,99.52%,471
10/16/24,"$66,202.95","$2,667.75","5,937",277,"5,024",179,$13.18,$14.90,1.18,1.55,$11.15,$9.63,"12,013",188,41.82%,95.21%,470
10/17/24,"$67,589.64","$2,790.04","6,016",285,"5,133",187,$13.17,$14.92,1.17,1.52,$11.24,$9.79,"12,027",181,42.68%,103.31%,470
10/18/24,"$59,012.95","$2,176.28","5,315",253,"4,448",152,$13.27,$14.32,1.19,1.66,$11.10,$8.60,"11,366",220,39.13%,69.09%,470
10/19/24,"$58,442.49","$1,389.10","5,176",138,"4,442",104,$13.16,$13.36,1.17,1.33,$11.29,$10.07,"11,115",165,39.96%,63.03%,470
10/20/24,"$70,552.81","$1,492.23","6,202",157,"5,281",111,$13.36,$13.44,1.17,1.41,$11.38,$9.50,"12,196",195,43.30%,56.92%,469
10/21/24,"$66,976.60","$2,604.43","5,966",288,"5,071",221,$13.21,$11.78,1.18,1.30,$11.23,$9.04,"11,791",201,43.01%,109.95%,470
10/22/24,"$65,171.62","$2,393.03","5,881",274,"4,947",230,$13.17,$10.40,1.19,1.19,$11.08,$8.73,"11,749",244,42.11%,94.26%,470
10/23/24,"$65,964.60","$2,569.50","5,919",298,"5,031",234,$13.11,$10.98,1.18,1.27,$11.14,$8.62,"11,916",234,42.22%,100.00%,467
10/24/24,"$64,243.38","$3,302.07","5,734",353,"4,873",232,$13.18,$14.23,1.18,1.52,$11.20,$9.35,"12,040",221,40.47%,104.98%,471
10/25/24,"$57,448.69","$2,221.19","5,114",258,"4,375",185,$13.13,$12.01,1.17,1.39,$11.23,$8.61,"11,138",197,39.28%,93.91%,471
10/26/24,"$55,361.35","$1,643.16","4,935",181,"4,246",157,$13.04,$10.47,1.16,1.15,$11.22,$9.08,"10,581",159,40.13%,98.74%,470
10/27/24,"$73,032.65","$2,061.81","6,493",236,"5,566",194,$13.12,$10.63,1.17,1.22,$11.25,$8.74,"12,160",184,45.77%,105.43%,469
10/28/24,"$70,990.62","$2,507.29","6,305",287,"5,382",244,$13.19,$10.28,1.17,1.18,$11.26,$8.74,"12,468",227,43.17%,107.49%,477
10/29/24,"$69,381.64","$2,698.76","6,169",298,"5,287",235,$13.12,$11.48,1.17,1.27,$11.25,$9.06,"12,022",228,43.98%,103.07%,476
10/30/24,"$71,216.48","$2,545.51","6,294",276,"5,364",230,$13.28,$11.07,1.17,1.20,$11.32,$9.22,"12,055",203,44.50%,113.30%,484
10/31/24,"$63,673.47","$2,834.46","5,644",300,"4,755",205,$13.39,$13.83,1.19,1.46,$11.28,$9.45,"10,543",201,45.10%,101.99%,484
11/1/24,"$64,104.27","$1,871.81","5,723",212,"4,952",166,$12.95,$11.28,1.16,1.28,$11.20,$8.83,"10,703",162,46.27%,102.47%,485
11/2/24,"$64,809.56","$1,695.94","5,807",186,"4,908",153,$13.20,$11.08,1.18,1.22,$11.16,$9.12,"11,307",171,43.41%,89.47%,484
11/3/24,"$82,898.28","$2,261.27","7,380",240,"6,297",185,$13.16,$12.22,1.17,1.30,$11.23,$9.42,"13,313",198,47.30%,93.43%,483
11/4/24,"$75,109.58","$2,821.28","6,680",291,"5,673",226,$13.24,$12.48,1.18,1.29,$11.24,$9.70,"12,881",236,44.04%,95.76%,484
11/5/24,"$65,292.95","$2,723.84","5,918",292,"4,986",221,$13.10,$12.33,1.19,1.32,$11.03,$9.33,"11,339",202,43.97%,109.41%,486
11/6/24,"$62,098.39","$2,770.65","5,566",301,"4,678",210,$13.27,$13.19,1.19,1.43,$11.16,$9.20,"10,856",198,43.09%,106.06%,484
11/7/24,"$68,718.71","$2,062.29","6,053",243,"5,177",200,$13.27,$10.31,1.17,1.22,$11.35,$8.49,"13,466",210,38.44%,95.24%,482
11/8/24,"$65,578.90","$2,219.74","5,802",256,"4,951",181,$13.25,$12.26,1.17,1.41,$11.30,$8.67,"11,253",188,44.00%,96.28%,485
11/9/24,"$64,496.90","$1,590.40","5,681",168,"4,873",131,$13.24,$12.14,1.17,1.28,$11.35,$9.47,"11,413",202,42.70%,64.85%,486
11/10/24,"$78,971.35","$2,049.40","6,984",224,"6,008",165,$13.14,$12.42,1.16,1.36,$11.31,$9.15,"12,696",199,47.32%,82.91%,483
11/11/24,"$78,555.36","$2,435.98","7,002",279,"5,884",212,$13.35,$11.49,1.19,1.32,$11.22,$8.73,"13,402",211,43.90%,100.47%,484
11/12/24,"$73,132.82","$2,603.58","6,537",284,"5,569",223,$13.13,$11.68,1.17,1.27,$11.19,$9.17,"13,347",196,41.72%,113.78%,483
11/13/24,"$76,244.98","$2,262.87","6,877",253,"5,776",216,$13.20,$10.48,1.19,1.17,$11.09,$8.94,"13,057",190,44.24%,113.68%,480
11/14/24,"$70,568.01","$2,549.63","6,385",279,"5,414",217,$13.03,$11.75,1.18,1.29,$11.05,$9.14,"12,208",186,44.35%,116.67%,482
11/15/24,"$67,857.33","$2,500.75","6,085",266,"5,177",177,$13.11,$14.13,1.18,1.50,$11.15,$9.40,"11,159",178,46.39%,99.44%,481
11/16/24,"$65,331.93","$1,789.76","5,893",198,"5,073",173,$12.88,$10.35,1.16,1.14,$11.09,$9.04,"10,974",150,46.23%,115.33%,481
11/17/24,"$80,064.12","$1,887.73","7,132",203,"6,148",178,$13.02,$10.61,1.16,1.14,$11.23,$9.30,"12,594",180,48.82%,98.89%,482
11/18/24,"$74,930.60","$2,679.50","6,692",301,"5,641",218,$13.28,$12.29,1.19,1.38,$11.20,$8.90,"13,035",235,43.28%,92.77%,479
11/19/24,"$71,844.53","$2,606.85","6,489",285,"5,392",208,$13.32,$12.53,1.20,1.37,$11.07,$9.15,"12,178",244,44.28%,85.25%,478
11/20/24,"$70,841.71","$3,907.60","6,358",416,"5,396",203,$13.13,$19.25,1.18,2.05,$11.14,$9.39,"12,158",232,44.38%,87.50%,482
11/21/24,"$74,078.72","$2,569.76","6,649",273,"5,542",203,$13.37,$12.66,1.20,1.34,$11.14,$9.41,"11,715",212,47.31%,95.75%,482
11/22/24,"$64,259.74","$2,190.36","5,829",242,"4,835",192,$13.29,$11.41,1.21,1.26,$11.02,$9.05,"10,626",200,45.50%,96.00%,480
11/23/24,"$67,327.40","$3,288.67","6,046",348,"4,920",140,$13.68,$23.49,1.23,2.49,$11.14,$9.45,"10,280",154,47.86%,90.91%,481
11/24/24,"$77,225.85","$1,643.93","6,890",178,"5,733",141,$13.47,$11.66,1.20,1.26,$11.21,$9.24,"11,279",160,50.83%,88.13%,482
11/25/24,"$67,080.30","$2,390.75","6,013",258,"5,002",183,$13.41,$13.06,1.20,1.41,$11.16,$9.27,"10,754",167,46.51%,109.58%,483
11/26/24,"$61,780.46","$1,778.61","5,514",196,"4,622",172,$13.37,$10.34,1.19,1.14,$11.20,$9.07,"10,403",186,44.43%,92.47%,483
11/27/24,"$56,999.30","$2,041.86","5,094",224,"4,278",180,$13.32,$11.34,1.19,1.24,$11.19,$9.12,"9,271",169,46.14%,106.51%,482
11/28/24,"$49,072.69","$1,030.79","4,388",105,"3,661",81,$13.40,$12.73,1.20,1.30,$11.18,$9.82,"8,066",121,45.39%,66.94%,481
11/29/24,"$77,752.62","$2,207.01","6,917",224,"5,797",171,$13.41,$12.91,1.19,1.31,$11.24,$9.85,"11,271",175,51.43%,97.71%,481
11/30/24,"$65,941.70","$3,077.68","5,887",302,"4,852",172,$13.59,$17.89,1.21,1.76,$11.20,$10.19,"9,914",150,48.94%,114.67%,482
12/1/24,"$69,690.67","$1,917.53","6,216",206,"5,194",164,$13.42,$11.69,1.20,1.26,$11.21,$9.31,"10,254",142,50.65%,115.49%,481
12/2/24,"$80,027.62","$2,859.63","7,251",307,"5,903",233,$13.56,$12.27,1.23,1.32,$11.04,$9.31,"11,309",208,52.20%,112.02%,479
12/3/24,"$67,024.44","$2,935.27","6,014",330,"4,946",244,$13.55,$12.03,1.22,1.35,$11.14,$8.89,"10,636",166,46.50%,146.99%,478
12/4/24,"$64,940.74","$2,401.39","5,887",277,"4,899",223,$13.26,$10.77,1.20,1.24,$11.03,$8.67,"11,131",205,44.01%,108.78%,480
12/5/24,"$66,250.08","$2,174.95","6,020",254,"4,992",213,$13.27,$10.21,1.21,1.19,$11.00,$8.56,"10,682",163,46.73%,130.67%,483
12/6/24,"$61,606.07","$2,052.26","5,626",230,"4,671",182,$13.19,$11.28,1.20,1.26,$10.95,$8.92,"10,192",162,45.83%,112.35%,484
12/7/24,"$62,563.07","$1,682.10","5,646",182,"4,825",145,$12.97,$11.60,1.17,1.26,$11.08,$9.24,"10,650",149,45.31%,97.32%,486
12/8/24,"$75,997.63","$2,103.42","6,827",227,"5,799",175,$13.11,$12.02,1.18,1.30,$11.13,$9.27,"11,659",149,49.74%,117.45%,487
12/9/24,"$71,442.63","$3,629.78","6,488",408,"5,421",236,$13.18,$15.38,1.20,1.73,$11.01,$8.90,"11,263",197,48.13%,119.80%,485
12/10/24,"$71,064.42","$3,073.70","6,505",352,"5,389",265,$13.19,$11.60,1.21,1.33,$10.92,$8.73,"11,253",154,47.89%,172.08%,484
12/11/24,"$71,024.64","$2,756.20","6,437",322,"5,483",248,$12.95,$11.11,1.17,1.30,$11.03,$8.56,"11,195",205,48.98%,120.98%,482
12/12/24,"$68,143.04","$2,583.82","6,229",287,"5,193",236,$13.12,$10.95,1.20,1.22,$10.94,$9.00,"10,547",169,49.24%,139.64%,481
12/13/24,"$61,251.67","$2,113.06","5,533",236,"4,697",198,$13.04,$10.67,1.18,1.19,$11.07,$8.95,"9,991",161,47.01%,122.98%,483
12/14/24,"$63,718.13","$2,186.91","5,786",243,"4,890",199,$13.03,$10.99,1.18,1.22,$11.01,$9.00,"10,130",158,48.27%,125.95%,483
12/15/24,"$79,086.13","$2,086.06","7,063",233,"6,114",191,$12.94,$10.92,1.16,1.22,$11.20,$8.95,"11,485",166,53.23%,115.06%,481
12/16/24,"$75,131.85","$3,710.05","6,807",407,"5,725",271,$13.12,$13.69,1.19,1.50,$11.04,$9.12,"11,237",204,50.95%,132.84%,481
12/17/24,"$70,226.14","$2,012.29","6,341",226,"5,376",182,$13.06,$11.06,1.18,1.24,$11.07,$8.90,"10,858",207,49.51%,87.92%,483
12/18/24,"$67,902.64","$2,581.92","6,140",282,"5,178",222,$13.11,$11.63,1.19,1.27,$11.06,$9.16,"10,789",167,47.99%,132.93%,480
12/19/24,"$65,329.51","$2,135.36","5,881",223,"5,026",173,$13.00,$12.34,1.17,1.29,$11.11,$9.58,"9,784",148,51.37%,116.89%,482
12/20/24,"$60,232.84","$1,863.68","5,454",204,"4,619",157,$13.04,$11.87,1.18,1.30,$11.04,$9.14,"9,588",197,48.17%,79.70%,480
12/21/24,"$62,890.34","$1,605.59","5,654",176,"4,744",146,$13.26,$11.00,1.19,1.21,$11.12,$9.12,"9,568",116,49.58%,125.86%,480
12/22/24,"$64,733.25","$1,583.75","5,814",164,"4,928",138,$13.14,$11.48,1.18,1.19,$11.13,$9.66,"10,241",199,48.12%,69.35%,478
12/23/24,"$54,619.11","$1,728.42","4,904",197,"4,176",159,$13.08,$10.87,1.17,1.24,$11.14,$8.77,"8,902",163,46.91%,97.55%,480
12/24/24,"$41,362.46","$1,639.65","3,717",186,"3,127",110,$13.23,$14.91,1.19,1.69,$11.13,$8.82,"6,956",105,44.95%,104.76%,479
12/25/24,"$43,966.84","$1,009.64","3,918",112,"3,336",88,$13.18,$11.47,1.17,1.27,$11.22,$9.01,"7,700",117,43.32%,75.21%,480
12/26/24,"$73,810.12","$2,677.65","6,651",304,"5,675",252,$13.01,$10.63,1.17,1.21,$11.10,$8.81,"12,055",178,47.08%,141.57%,479
12/27/24,"$72,634.43","$2,939.28","6,545",332,"5,540",237,$13.11,$12.40,1.18,1.40,$11.10,$8.85,"12,345",194,44.88%,122.16%,478
12/28/24,"$76,180.65","$2,206.90","7,057",263,"6,038",220,$12.62,$10.03,1.17,1.20,$10.80,$8.39,"13,429",212,44.96%,103.77%,479
12/29/24,"$86,461.20","$2,735.92","7,790",318,"6,680",239,$12.94,$11.45,1.17,1.33,$11.10,$8.60,"14,149",202,47.21%,118.32%,477
12/30/24,"$81,073.99","$4,422.01","7,366",507,"6,261",393,$12.95,$11.25,1.18,1.29,$11.01,$8.72,"13,761",221,45.50%,177.83%,475
12/31/24,"$67,299.71","$3,806.62","6,210",455,"5,272",373,$12.77,$10.21,1.18,1.22,$10.84,$8.37,"10,827",180,48.69%,207.22%,475
1/1/25,"$76,382.05",$830.09,"6,828",80,"5,926",67,$12.89,$12.39,1.15,1.19,$11.19,$10.38,"13,929",179,42.54%,37.43%,474
1/2/25,"$84,170.46","$2,222.90","7,618",225,"6,476",123,$13.00,$18.07,1.18,1.83,$11.05,$9.88,"15,612",261,41.48%,47.13%,476
1/3/25,"$81,814.63","$2,587.08","7,469",293,"6,404",243,$12.78,$10.65,1.17,1.21,$10.95,$8.83,"15,013",178,42.66%,136.52%,474
1/4/25,"$85,354.89","$3,510.68","7,835",394,"6,712",329,$12.72,$10.67,1.17,1.20,$10.89,$8.91,"15,542",230,43.19%,143.04%,472
1/5/25,"$92,194.43","$3,132.91","8,291",364,"7,135",305,$12.92,$10.27,1.16,1.19,$11.12,$8.61,"15,643",191,45.61%,159.69%,469
1/6/25,"$83,451.11","$3,759.93","7,562",430,"6,480",365,$12.88,$10.30,1.17,1.18,$11.04,$8.74,"14,914",240,43.45%,152.08%,468
1/7/25,"$83,068.07","$3,876.93","7,552",440,"6,468",366,$12.84,$10.59,1.17,1.20,$11.00,$8.81,"15,011",249,43.09%,146.99%,468
1/8/25,"$82,364.45","$4,443.59","7,471",486,"6,232",304,$13.22,$14.62,1.20,1.60,$11.02,$9.14,"14,446",197,43.14%,154.31%,471
1/9/25,"$85,774.74","$8,294.05","7,988","1,069","6,059",314,$14.16,$26.41,1.32,3.40,$10.74,$7.76,"14,329",211,42.28%,148.82%,473
1/10/25,"$69,933.48","$2,207.06","6,373",269,"5,476",239,$12.77,$9.23,1.16,1.13,$10.97,$8.20,"13,251",222,41.33%,107.66%,475
1/11/25,"$80,873.58","$2,848.30","7,292",320,"6,095",236,$13.27,$12.07,1.20,1.36,$11.09,$8.90,"15,660",217,38.92%,108.76%,473
1/12/25,"$85,089.46","$2,679.62","7,600",290,"6,410",197,$13.27,$13.60,1.19,1.47,$11.20,$9.24,"15,741",231,40.72%,85.28%,467
1/13/25,"$72,362.95","$2,928.97","6,550",324,"5,540",271,$13.06,$10.81,1.18,1.20,$11.05,$9.04,"13,839",220,40.03%,123.18%,470
1/14/25,"$69,647.29","$2,793.11","6,336",317,"5,419",259,$12.85,$10.78,1.17,1.22,$10.99,$8.81,"13,573",209,39.92%,123.92%,471
1/15/25,"$73,523.93","$2,989.97","6,604",332,"5,624",263,$13.07,$11.37,1.17,1.26,$11.13,$9.01,"13,924",231,40.39%,113.85%,470
1/16/25,"$69,020.33","$2,750.17","6,229",307,"5,264",255,$13.11,$10.78,1.18,1.20,$11.08,$8.96,"13,491",202,39.02%,126.24%,469
1/17/25,"$65,683.97","$2,366.62","5,915",257,"5,036",209,$13.04,$11.32,1.17,1.23,$11.10,$9.21,"12,492",159,40.31%,131.45%,469
1/18/25,"$68,986.77","$1,906.49","6,128",210,"5,220",177,$13.22,$10.77,1.17,1.19,$11.26,$9.08,"13,011",188,40.12%,94.15%,469
1/19/25,"$77,676.18","$1,798.12","6,876",200,"5,916",165,$13.13,$10.90,1.16,1.21,$11.30,$8.99,"14,003",217,42.25%,76.04%,470
1/20/25,"$76,872.44","$4,018.73","6,817",421,"5,624",193,$13.67,$20.82,1.21,2.18,$11.28,$9.55,"13,934",196,40.36%,98.47%,469
1/21/25,"$68,774.45","$2,492.67","6,270",281,"5,314",200,$12.94,$12.46,1.18,1.40,$10.97,$8.87,"12,710",195,41.81%,102.56%,468
1/22/25,"$73,840.19","$2,350.71","6,522",259,"5,550",218,$13.30,$10.78,1.18,1.19,$11.32,$9.08,"13,327",184,41.64%,118.48%,468
1/23/25,"$73,961.91","$2,570.00","6,635",275,"5,663",175,$13.06,$14.69,1.17,1.57,$11.15,$9.35,"13,878",237,40.81%,73.84%,467
1/24/25,"$68,367.12","$2,417.28","6,074",265,"5,259",195,$13.00,$12.40,1.16,1.36,$11.26,$9.12,"12,612",168,41.70%,116.07%,466
1/25/25,"$70,575.62","$1,877.54","6,270",210,"5,334",175,$13.23,$10.73,1.18,1.20,$11.26,$8.94,"13,795",177,38.67%,98.87%,466
1/26/25,"$87,030.05","$2,462.53","7,739",237,"6,630",153,$13.13,$16.10,1.17,1.55,$11.25,$10.39,"15,458",238,42.89%,64.29%,463
1/27/25,"$79,048.29","$2,553.03","7,094",282,"6,154",229,$12.84,$11.15,1.15,1.23,$11.14,$9.05,"15,930",238,38.63%,96.22%,463
1/28/25,"$76,968.82","$2,354.99","6,880",252,"5,970",203,$12.89,$11.60,1.15,1.24,$11.19,$9.35,"15,085",263,39.58%,77.19%,476
1/29/25,"$73,878.13","$2,716.71","6,664",297,"5,720",224,$12.92,$12.13,1.16,1.33,$11.09,$9.15,"14,726",263,38.84%,85.17%,477
1/30/25,"$71,980.81","$2,575.34","6,505",289,"5,555",207,$12.96,$12.44,1.17,1.40,$11.07,$8.91,"14,077",226,39.46%,91.59%,479
1/31/25,"$69,966.21","$2,257.55","6,249",247,"5,416",182,$12.92,$12.40,1.15,1.36,$11.20,$9.14,"13,384",216,40.47%,84.26%,486
2/1/25,"$73,255.81","$1,759.76","6,567",192,"5,683",153,$12.89,$11.50,1.16,1.25,$11.16,$9.17,"14,455",228,39.32%,67.11%,486
2/2/25,"$87,533.31","$2,161.56","7,776",243,"6,702",193,$13.06,$11.20,1.16,1.26,$11.26,$8.90,"16,151",227,41.50%,85.02%,487
2/3/25,"$85,113.93","$2,661.91","7,700",284,"6,577",223,$12.94,$11.94,1.17,1.27,$11.05,$9.37,"15,473",271,42.51%,82.29%,488
2/4/25,"$78,213.12","$2,353.08","7,156",264,"6,037",174,$12.96,$13.52,1.19,1.52,$10.93,$8.91,"15,455",239,39.06%,72.80%,489
2/5/25,"$78,461.43","$2,527.40","7,176",282,"6,059",202,$12.95,$12.51,1.18,1.40,$10.93,$8.96,"15,290",267,39.63%,75.66%,489
2/6/25,"$76,805.27","$2,029.16","7,006",221,"6,013",170,$12.77,$11.94,1.17,1.30,$10.96,$9.18,"14,931",219,40.27%,77.63%,488
2/7/25,"$70,621.06","$1,829.88","6,450",210,"5,501",134,$12.84,$13.66,1.17,1.57,$10.95,$8.71,"13,893",215,39.60%,62.33%,495
2/8/25,"$74,494.49","$1,755.60","6,819",190,"5,792",144,$12.86,$12.19,1.18,1.32,$10.92,$9.24,"14,605",219,39.66%,65.75%,493
2/9/25,"$77,215.65","$1,553.32","6,982",163,"5,985",140,$12.90,$11.10,1.17,1.16,$11.06,$9.53,"13,882",200,43.11%,70.00%,492
2/10/25,"$75,016.63","$2,284.00","6,757",237,"5,788",186,$12.96,$12.28,1.17,1.27,$11.10,$9.64,"13,944",199,41.51%,93.47%,494
2/11/25,"$68,152.03","$2,117.42","6,204",247,"5,353",178,$12.73,$11.90,1.16,1.39,$10.99,$8.57,"13,758",204,38.91%,87.25%,484
2/12/25,"$74,874.14","$2,373.64","6,780",270,"5,709",176,$13.12,$13.49,1.19,1.53,$11.04,$8.79,"13,605",259,41.96%,67.95%,485
2/13/25,"$77,851.92","$1,898.53","7,031",212,"6,054",180,$12.86,$10.55,1.16,1.18,$11.07,$8.96,"12,639",215,47.90%,83.72%,483
2/14/25,"$59,156.52","$1,285.73","5,359",142,"4,642",122,$12.74,$10.54,1.15,1.16,$11.04,$9.05,"10,843",160,42.81%,76.25%,490
2/15/25,"$71,457.55","$1,706.19","6,516",187,"5,528",146,$12.93,$11.69,1.18,1.28,$10.97,$9.12,"13,643",191,40.52%,76.44%,489
2/16/25,"$83,441.88","$1,976.38","7,507",214,"6,470",169,$12.90,$11.69,1.16,1.27,$11.12,$9.24,"15,237",218,42.46%,77.52%,488
2/17/25,"$85,125.24","$2,636.19","7,723",289,"6,626",198,$12.85,$13.31,1.17,1.46,$11.02,$9.12,"20,094",263,32.98%,75.29%,489
2/18/25,"$75,317.62","$2,703.25","6,786",277,"5,796",198,$12.99,$13.65,1.17,1.40,$11.10,$9.76,"20,674",229,28.04%,86.46%,489
2/19/25,"$79,750.66","$2,878.86","7,262",301,"6,105",203,$13.06,$14.18,1.19,1.48,$10.98,$9.56,"17,437",293,35.01%,69.28%,486
2/20/25,"$85,397.35","$5,736.74","7,780",761,"6,197",172,$13.78,$33.35,1.26,4.42,$10.98,$7.54,"14,585",211,42.49%,81.52%,492
2/21/25,"$68,833.72","$1,819.31","6,151",195,"5,226",159,$13.17,$11.44,1.18,1.23,$11.19,$9.33,"13,521",214,38.65%,74.30%,491
2/22/25,"$75,652.67","$1,227.51","6,730",139,"5,837",122,$12.96,$10.06,1.15,1.14,$11.24,$8.83,"14,293",207,40.84%,58.94%,488
2/23/25,"$89,325.70","$1,286.88","7,982",143,"6,930",112,$12.89,$11.49,1.15,1.28,$11.19,$9.00,"15,816",229,43.82%,48.91%,488
2/24/25,"$80,000.84","$2,340.23","7,222",247,"6,166",192,$12.97,$12.19,1.17,1.29,$11.08,$9.47,"15,039",214,41.00%,89.72%,490
2/25/25,"$77,971.00","$2,237.80","7,093",249,"6,123",200,$12.73,$11.19,1.16,1.24,$10.99,$8.99,"14,860",294,41.20%,68.03%,492
2/26/25,"$77,919.36","$2,596.47","7,026",291,"5,921",158,$13.16,$16.43,1.19,1.84,$11.09,$8.92,"14,368",205,41.21%,77.07%,490
2/27/25,"$78,180.40","$1,775.37","7,018",195,"6,051",150,$12.92,$11.84,1.16,1.30,$11.14,$9.10,"13,803",239,43.84%,62.76%,490
2/28/25,"$68,621.62","$2,020.59","6,199",218,"5,315",168,$12.91,$12.03,1.17,1.30,$11.07,$9.27,"12,230",174,43.46%,96.55%,489
3/1/25,"$77,791.18","$1,444.46","7,083",161,"6,083",140,$12.79,$10.32,1.16,1.15,$10.98,$8.97,"13,966",221,43.56%,63.35%,488
3/2/25,"$91,848.34","$2,561.19","8,220",261,"7,017",185,$13.09,$13.84,1.17,1.41,$11.17,$9.81,"15,509",242,45.24%,76.45%,489
3/3/25,"$84,523.31","$2,004.65","7,613",224,"6,483",187,$13.04,$10.72,1.17,1.20,$11.10,$8.95,"14,915",236,43.47%,79.24%,492
3/4/25,"$79,264.93","$3,710.68","7,251",404,"6,079",193,$13.04,$19.23,1.19,2.09,$10.93,$9.18,"14,188",238,42.85%,81.09%,490
3/5/25,"$78,958.60","$2,160.15","7,141",237,"6,081",189,$12.98,$11.43,1.17,1.25,$11.06,$9.11,"14,440",257,42.11%,73.54%,489
3/6/25,"$77,378.39","$2,431.14","6,967",261,"6,040",214,$12.81,$11.36,1.15,1.22,$11.11,$9.31,"14,410",242,41.92%,88.43%,492
3/7/25,"$68,981.28","$2,045.45","6,236",216,"5,382",170,$12.82,$12.03,1.16,1.27,$11.06,$9.47,"13,204",209,40.76%,81.34%,494
3/8/25,"$74,471.00","$1,869.71","6,699",205,"5,668",154,$13.14,$12.14,1.18,1.33,$11.12,$9.12,"13,721",205,41.31%,75.12%,493
3/9/25,"$85,442.67","$1,754.08","7,626",185,"6,516",142,$13.11,$12.35,1.17,1.30,$11.20,$9.48,"14,994",226,43.46%,62.83%,490
3/10/25,"$78,615.10","$4,363.36","7,075",455,"5,995",235,$13.11,$18.57,1.18,1.94,$11.11,$9.59,"14,240",216,42.10%,108.80%,494
3/11/25,"$82,724.66","$3,811.06","7,261",413,"6,157",197,$13.44,$19.35,1.18,2.10,$11.39,$9.23,"16,222",278,37.95%,70.86%,494
3/12/25,"$80,935.81","$2,558.32","7,203",271,"6,197",188,$13.06,$13.61,1.16,1.44,$11.24,$9.44,"16,351",280,37.90%,67.14%,492
3/13/25,"$78,819.34","$2,206.90","7,104",250,"6,095",192,$12.93,$11.49,1.17,1.30,$11.10,$8.83,"14,904",249,40.90%,77.11%,493
3/14/25,"$72,108.60","$1,896.18","6,539",212,"5,574",164,$12.94,$11.56,1.17,1.29,$11.03,$8.94,"13,646",210,40.85%,78.10%,493
3/15/25,"$77,392.87","$1,565.35","6,871",164,"5,858",144,$13.21,$10.87,1.17,1.14,$11.26,$9.54,"14,053",216,41.69%,66.67%,491
3/16/25,"$90,836.85","$2,224.50","8,077",231,"6,907",165,$13.15,$13.48,1.17,1.40,$11.25,$9.63,"15,423",240,44.78%,68.75%,490
3/17/25,"$82,924.02","$2,626.07","7,382",294,"6,356",219,$13.05,$11.99,1.16,1.34,$11.23,$8.93,"14,947",288,42.52%,76.04%,491
3/18/25,"$78,526.01","$2,188.65","6,950",244,"5,987",179,$13.12,$12.23,1.16,1.36,$11.30,$8.97,"14,463",269,41.40%,66.54%,492
3/19/25,"$79,774.41","$3,785.97","7,161",460,"6,007",241,$13.28,$15.71,1.19,1.91,$11.14,$8.23,"14,304",207,42.00%,116.43%,497
3/20/25,"$79,436.31","$1,965.11","7,121",223,"5,994",188,$13.25,$10.45,1.19,1.19,$11.16,$8.81,"14,311",235,41.88%,80.00%,499
3/21/25,"$71,300.66","$2,509.18","6,444",273,"5,489",210,$12.99,$11.95,1.17,1.30,$11.06,$9.19,"13,615",215,40.32%,97.67%,498
3/22/25,"$72,710.66","$1,531.76","6,497",171,"5,530",151,$13.15,$10.14,1.17,1.13,$11.19,$8.96,"13,734",184,40.27%,82.07%,499
3/23/25,"$89,081.43","$1,959.19","7,867",225,"6,841",182,$13.02,$10.76,1.15,1.24,$11.32,$8.71,"15,387",278,44.46%,65.47%,499
3/24/25,"$83,453.59","$3,398.93","7,516",364,"6,401",274,$13.04,$12.40,1.17,1.33,$11.10,$9.34,"14,768",270,43.34%,101.48%,498
3/25/25,"$80,518.17","$3,303.48","7,303",378,"6,196",273,$13.00,$12.10,1.18,1.38,$11.03,$8.74,"14,412",218,42.99%,125.23%,500
3/26/25,"$82,477.69","$2,901.02","7,380",322,"6,196",266,$13.31,$10.91,1.19,1.21,$11.18,$9.01,"14,591",217,42.46%,122.58%,500
3/27/25,"$77,082.33","$2,718.70","6,909",310,"5,936",250,$12.99,$10.87,1.16,1.24,$11.16,$8.77,"13,809",233,42.99%,107.30%,499
3/28/25,"$70,000.87","$2,801.97","6,374",333,"5,353",270,$13.08,$10.38,1.19,1.23,$10.98,$8.41,"12,736",208,42.03%,129.81%,499
3/29/25,"$77,826.46","$2,757.34","7,007",326,"5,907",271,$13.18,$10.17,1.19,1.20,$11.11,$8.46,"13,408",202,44.06%,134.16%,498
3/30/25,"$90,838.07","$3,007.20","8,097",360,"6,830",304,$13.30,$9.89,1.19,1.18,$11.22,$8.35,"14,680",206,46.53%,147.57%,497
3/31/25,"$89,393.60","$6,913.71","8,138",847,"6,877",636,$13.00,$10.87,1.18,1.33,$10.98,$8.16,"14,602",232,47.10%,274.14%,497
4/1/25,"$88,683.68","$8,878.06","8,181","1,036","6,847",801,$12.95,$11.08,1.19,1.29,$10.84,$8.57,"14,703",253,46.57%,316.60%,498
4/2/25,"$82,926.86","$5,538.34","7,484",661,"6,366",529,$13.03,$10.47,1.18,1.25,$11.08,$8.38,"15,095",276,42.17%,191.67%,500
4/3/25,"$81,576.92","$4,422.65","7,377",495,"6,291",404,$12.97,$10.95,1.17,1.23,$11.06,$8.93,"15,013",255,41.90%,158.43%,502
4/4/25,"$74,666.17","$3,530.71","6,705",407,"5,824",353,$12.82,$10.00,1.15,1.15,$11.14,$8.68,"14,150",230,41.16%,153.48%,501
4/5/25,"$77,274.24","$3,238.24","6,965",377,"6,012",319,$12.85,$10.15,1.16,1.18,$11.09,$8.59,"14,383",220,41.80%,145.00%,500
4/6/25,"$96,990.75","$3,252.71","8,588",373,"7,245",318,$13.39,$10.23,1.19,1.17,$11.29,$8.72,"16,425",225,44.11%,141.33%,500
4/7/25,"$85,161.12","$3,814.59","7,615",425,"6,490",338,$13.12,$11.29,1.17,1.26,$11.18,$8.98,"15,570",252,41.68%,134.13%,500
4/8/25,"$80,553.37","$3,251.05","7,266",369,"6,255",313,$12.88,$10.39,1.16,1.18,$11.09,$8.81,"14,921",247,41.92%,126.72%,500
4/9/25,"$82,889.75","$3,207.85","7,418",364,"6,270",267,$13.22,$12.01,1.18,1.36,$11.17,$8.81,"15,226",245,41.18%,108.98%,499
4/10/25,"$81,610.09","$3,152.63","7,263",348,"6,169",268,$13.23,$11.76,1.18,1.30,$11.24,$9.06,"14,988",240,41.16%,111.67%,500
4/11/25,"$73,729.78","$2,928.00","6,638",332,"5,734",221,$12.86,$13.25,1.16,1.50,$11.11,$8.82,"13,883",223,41.30%,99.10%,501
4/12/25,"$77,027.67","$2,490.60","6,826",258,"5,871",203,$13.12,$12.27,1.16,1.27,$11.28,$9.65,"14,011",227,41.90%,89.43%,502
4/13/25,"$88,737.73","$2,122.43","7,848",231,"6,793",194,$13.06,$10.94,1.16,1.19,$11.31,$9.19,"14,599",198,46.53%,97.98%,501
4/14/25,"$83,048.57","$3,071.96","7,340",321,"6,264",263,$13.26,$11.68,1.17,1.22,$11.31,$9.57,"13,955",240,44.89%,109.58%,503
4/15/25,"$80,584.97","$2,733.23","7,125",291,"6,227",256,$12.94,$10.68,1.14,1.14,$11.31,$9.39,"13,471",247,46.23%,103.64%,500
4/16/25,"$76,745.99","$3,172.39","6,844",341,"5,838",255,$13.15,$12.44,1.17,1.34,$11.21,$9.30,"12,659",190,46.12%,134.21%,501
4/17/25,"$72,831.20","$2,171.93","6,440",257,"5,509",212,$13.22,$10.24,1.17,1.21,$11.31,$8.45,"12,318",201,44.72%,105.47%,501
4/18/25,"$68,115.89","$2,381.68","5,938",250,"5,030",185,$13.54,$12.87,1.18,1.35,$11.47,$9.53,"12,007",186,41.89%,99.46%,499
4/19/25,"$66,456.70","$2,802.36","5,848",276,"4,899",146,$13.57,$19.19,1.19,1.89,$11.36,$10.15,"11,737",180,41.74%,81.11%,500
4/20/25,"$72,691.81","$1,821.22","6,368",195,"5,354",152,$13.58,$11.98,1.19,1.28,$11.42,$9.34,"11,461",166,46.71%,91.57%,497
4/21/25,"$78,870.11","$2,525.45","6,910",282,"5,877",233,$13.42,$10.84,1.18,1.21,$11.41,$8.96,"13,637",266,43.10%,87.59%,498
4/22/25,"$78,517.75","$2,801.18","6,901",309,"5,922",249,$13.26,$11.25,1.17,1.24,$11.38,$9.07,"13,310",240,44.49%,103.75%,497
4/23/25,"$76,638.80","$2,116.83","6,723",236,"5,777",200,$13.27,$10.58,1.16,1.18,$11.40,$8.97,"13,498",197,42.80%,101.52%,500
4/24/25,"$74,046.21","$2,217.79","6,569",240,"5,634",187,$13.14,$11.86,1.17,1.28,$11.27,$9.24,"13,294",235,42.38%,79.57%,502
4/25/25,"$69,858.55","$2,537.25","6,183",276,"5,299",211,$13.18,$12.02,1.17,1.31,$11.30,$9.19,"12,339",193,42.95%,109.33%,502
4/26/25,"$69,114.00","$1,783.54","6,087",195,"5,222",163,$13.24,$10.94,1.17,1.20,$11.35,$9.15,"12,250",176,42.63%,92.61%,504
4/27/25,"$83,709.43","$2,352.96","7,396",249,"6,311",183,$13.26,$12.86,1.17,1.36,$11.32,$9.45,"13,654",203,46.22%,90.15%,503
4/28/25,"$83,593.44","$2,789.17","7,360",310,"6,255",227,$13.36,$12.29,1.18,1.37,$11.36,$9.00,"14,085",242,44.41%,93.80%,501
4/29/25,"$84,665.14","$3,199.61","7,489",337,"6,285",245,$13.47,$13.06,1.19,1.38,$11.31,$9.49,"14,315",218,43.90%,112.39%,501
4/30/25,"$84,497.51","$3,049.55","7,508",361,"6,415",253,$13.17,$12.05,1.17,1.43,$11.25,$8.45,"13,885",231,46.20%,109.52%,500
5/1/25,"$82,886.91","$2,465.82","7,359",263,"6,257",213,$13.25,$11.58,1.18,1.23,$11.26,$9.38,"13,555",254,46.16%,83.86%,501
5/2/25,"$73,062.89","$1,880.63","6,522",202,"5,507",173,$13.27,$10.87,1.18,1.17,$11.20,$9.31,"12,687",205,43.41%,84.39%,505
5/3/25,"$73,072.07","$2,042.07","6,536",209,"5,553",158,$13.16,$12.92,1.18,1.32,$11.18,$9.77,"13,215",211,42.02%,74.88%,506
5/4/25,"$86,892.67","$2,057.00","7,719",215,"6,522",167,$13.32,$12.32,1.18,1.29,$11.26,$9.57,"14,377",200,45.36%,83.50%,505
5/5/25,"$78,542.78","$2,649.45","6,995",287,"5,864",198,$13.39,$13.38,1.19,1.45,$11.23,$9.23,"13,179",232,44.50%,85.34%,505
5/6/25,"$75,414.89","$2,039.21","6,799",234,"5,636",190,$13.38,$10.73,1.21,1.23,$11.09,$8.71,"13,429",200,41.97%,95.00%,506
5/7/25,"$75,585.49","$2,061.19","6,704",238,"5,698",195,$13.27,$10.57,1.18,1.22,$11.27,$8.66,"13,172",215,43.26%,90.70%,506
5/8/25,"$72,004.46","$1,760.42","6,411",202,"5,452",172,$13.21,$10.24,1.18,1.17,$11.23,$8.72,"12,850",222,42.43%,77.48%,506
5/9/25,"$66,387.34","$2,012.55","5,868",220,"4,904",126,$13.54,$15.97,1.20,1.75,$11.31,$9.15,"11,480",174,42.72%,72.41%,507
5/10/25,"$66,601.30","$1,483.33","5,898",152,"4,996",127,$13.33,$11.68,1.18,1.20,$11.29,$9.76,"11,290",146,44.25%,86.99%,507
5/11/25,"$75,089.61","$1,692.19","6,742",180,"5,752",134,$13.05,$12.63,1.17,1.34,$11.14,$9.40,"12,058",176,47.70%,76.14%,507
5/12/25,"$87,764.33","$2,472.01","7,769",255,"6,550",198,$13.40,$12.48,1.19,1.29,$11.30,$9.69,"14,224",232,46.05%,85.34%,506
5/13/25,"$84,873.44","$1,843.78","7,581",198,"6,340",158,$13.39,$11.67,1.20,1.25,$11.20,$9.31,"14,381",219,44.09%,72.15%,505
5/14/25,"$81,613.25","$2,507.61","7,326",276,"6,187",173,$13.19,$14.49,1.18,1.60,$11.14,$9.09,"14,275",208,43.34%,83.17%,504
5/15/25,"$82,735.69","$2,262.08","7,381",236,"6,254",179,$13.23,$12.64,1.18,1.32,$11.21,$9.59,"13,352",213,46.84%,84.04%,504
5/16/25,"$70,673.13","$2,247.20","6,408",237,"5,398",169,$13.09,$13.30,1.19,1.40,$11.03,$9.48,"12,604",200,42.83%,84.50%,505
5/17/25,"$73,773.79","$1,684.92","6,598",177,"5,544",115,$13.31,$14.65,1.19,1.54,$11.18,$9.52,"12,341",169,44.92%,68.05%,503
5/18/25,"$86,672.57","$1,748.12","7,623",177,"6,552",141,$13.23,$12.40,1.16,1.26,$11.37,$9.88,"14,534",221,45.08%,63.80%,505
5/19/25,"$85,967.69","$2,739.40","7,625",268,"6,463",187,$13.30,$14.65,1.18,1.43,$11.27,$10.22,"14,138",249,45.71%,75.10%,505
5/20/25,"$79,738.69","$1,807.95","7,045",185,"6,028",143,$13.23,$12.64,1.17,1.29,$11.32,$9.77,"13,846",245,43.54%,58.37%,507
5/21/25,"$81,107.95","$2,638.68","7,229",278,"6,118",173,$13.26,$15.25,1.18,1.61,$11.22,$9.49,"13,662",249,44.78%,69.48%,513
5/22/25,"$77,830.86","$2,413.29","6,918",267,"5,849",177,$13.31,$13.63,1.18,1.51,$11.25,$9.04,"13,248",228,44.15%,77.63%,509
5/23/25,"$74,088.95","$2,172.60","6,664",231,"5,538",129,$13.38,$16.84,1.20,1.79,$11.12,$9.41,"12,233",208,45.27%,62.02%,507
5/24/25,"$65,738.12","$1,244.93","5,831",126,"4,955",101,$13.27,$12.33,1.18,1.25,$11.27,$9.88,"12,297",185,40.29%,54.59%,506
5/25/25,"$79,670.24","$1,273.22","7,031",134,"5,975",111,$13.33,$11.47,1.18,1.21,$11.33,$9.50,"12,720",172,46.97%,64.53%,505
5/26/25,"$84,791.42","$1,835.56","7,520",190,"6,373",159,$13.30,$11.54,1.18,1.20,$11.28,$9.66,"14,152",200,45.03%,79.50%,505
5/27/25,"$81,077.56","$2,523.96","7,211",305,"6,131",175,$13.22,$14.42,1.18,1.74,$11.24,$8.28,"13,852",215,44.26%,81.40%,502
5/28/25,"$84,857.27","$2,419.56","7,526",240,"6,326",145,$13.41,$16.69,1.19,1.66,$11.28,$10.08,"14,288",216,44.27%,67.13%,501
5/29/25,"$83,532.91","$2,638.47","7,425",311,"6,305",196,$13.25,$13.46,1.18,1.59,$11.25,$8.48,"14,298",237,44.10%,82.70%,500
5/30/25,"$76,405.93","$1,993.64","6,837",214,"5,901",177,$12.95,$11.26,1.16,1.21,$11.18,$9.32,"12,538",204,47.06%,86.76%,507
5/31/25,"$76,983.64","$2,587.22","6,999",314,"5,907",174,$13.03,$14.87,1.18,1.80,$11.00,$8.24,"12,673",195,46.61%,89.23%,508
6/1/25,"$87,207.63","$1,490.57","7,861",157,"6,759",137,$12.90,$10.88,1.16,1.15,$11.09,$9.49,"14,048",187,48.11%,73.26%,508
6/2/25,"$84,937.14","$3,012.49","7,555",304,"6,372",210,$13.33,$14.35,1.19,1.45,$11.24,$9.91,"13,807",237,46.15%,88.61%,507
6/3/25,"$83,709.05","$2,211.95","7,452",230,"6,313",198,$13.26,$11.17,1.18,1.16,$11.23,$9.62,"14,204",251,44.45%,78.88%,506
6/4/25,"$80,691.18","$2,339.44","7,195",249,"6,176",183,$13.07,$12.78,1.16,1.36,$11.21,$9.40,"13,874",252,44.51%,72.62%,506
6/5/25,"$81,094.23","$2,937.36","7,241",293,"6,129",192,$13.23,$15.30,1.18,1.53,$11.20,$10.03,"13,572",234,45.16%,82.05%,507
6/6/25,"$76,924.85","$1,533.89","6,842",167,"5,829",140,$13.20,$10.96,1.17,1.19,$11.24,$9.18,"12,739",195,45.76%,71.79%,513
6/7/25,"$74,123.79","$1,775.39","6,594",183,"5,519",120,$13.43,$14.79,1.19,1.52,$11.24,$9.70,"13,431",181,41.09%,66.30%,514
6/8/25,"$86,637.47","$1,830.51","7,640",183,"6,634",157,$13.06,$11.66,1.15,1.17,$11.34,$10.00,"14,899",230,44.53%,68.26%,515
6/9/25,"$83,345.57","$2,118.31","7,440",230,"6,382",177,$13.06,$11.97,1.17,1.30,$11.20,$9.21,"14,745",241,43.28%,73.44%,514
6/10/25,"$80,404.46","$2,736.82","7,231",322,"6,181",196,$13.01,$13.96,1.17,1.64,$11.12,$8.50,"14,264",236,43.33%,83.05%,514
6/11/25,"$83,719.00","$2,077.44","7,447",238,"6,345",205,$13.19,$10.13,1.17,1.16,$11.24,$8.73,"14,533",213,43.66%,96.24%,512
6/12/25,"$81,728.07","$2,755.11","7,308",292,"6,241",188,$13.10,$14.65,1.17,1.55,$11.18,$9.44,"13,803",214,45.21%,87.85%,512
6/13/25,"$79,019.49","$2,482.20","7,040",263,"5,998",185,$13.17,$13.42,1.17,1.42,$11.22,$9.44,"13,131",222,45.68%,83.33%,512
6/14/25,"$70,147.25","$1,442.29","6,209",162,"5,304",128,$13.23,$11.27,1.17,1.27,$11.30,$8.90,"13,302",200,39.87%,64.00%,512
6/15/25,"$88,914.12","$1,650.92","7,856",166,"6,693",132,$13.28,$12.51,1.17,1.26,$11.32,$9.95,"13,788",174,48.54%,75.86%,512
6/16/25,"$92,020.98","$2,539.01","8,193",284,"6,881",228,$13.37,$11.14,1.19,1.25,$11.23,$8.94,"14,852",225,46.33%,101.33%,510
6/17/25,"$83,567.06","$3,860.22","7,474",421,"6,254",229,$13.36,$16.86,1.20,1.84,$11.18,$9.17,"14,721",245,42.48%,93.47%,509
6/18/25,"$87,934.71","$2,715.13","7,831",297,"6,650",215,$13.22,$12.63,1.18,1.38,$11.23,$9.14,"14,629",216,45.46%,99.54%,513
6/19/25,"$80,533.20","$2,189.74","7,222",242,"6,196",184,$13.00,$11.90,1.17,1.32,$11.15,$9.05,"14,679",224,42.21%,82.14%,513
6/20/25,"$75,831.43","$2,407.58","6,795",263,"5,769",177,$13.14,$13.60,1.18,1.49,$11.16,$9.15,"13,307",198,43.35%,89.39%,512
6/21/25,"$74,272.36","$1,389.75","6,540",150,"5,627",128,$13.20,$10.86,1.16,1.17,$11.36,$9.26,"12,925",167,43.54%,76.65%,518
6/22/25,"$90,727.31","$1,689.65","8,008",182,"6,790",157,$13.36,$10.76,1.18,1.16,$11.33,$9.28,"14,509",195,46.80%,80.51%,518
6/23/25,"$84,354.29","$3,233.29","7,502",348,"6,336",266,$13.31,$12.16,1.18,1.31,$11.24,$9.29,"15,136",240,41.86%,110.83%,522
6/24/25,"$87,059.76","$3,498.90","7,748",388,"6,560",252,$13.27,$13.88,1.18,1.54,$11.24,$9.02,"14,634",218,44.83%,115.60%,523
6/25/25,"$82,413.75","$2,524.91","7,326",280,"6,307",228,$13.07,$11.07,1.16,1.23,$11.25,$9.02,"14,748",213,42.77%,107.04%,523
6/26/25,"$80,793.79","$2,816.41","7,157",325,"6,138",233,$13.16,$12.09,1.17,1.39,$11.29,$8.67,"13,479",190,45.54%,122.63%,523
6/27/25,"$76,249.05","$2,627.84","6,824",302,"5,850",254,$13.03,$10.35,1.17,1.19,$11.17,$8.70,"12,525",212,46.71%,119.81%,522
6/28/25,"$77,982.34","$2,806.58","6,933",304,"5,932",245,$13.15,$11.46,1.17,1.24,$11.25,$9.23,"12,975",190,45.72%,128.95%,520
6/29/25,"$88,038.00","$3,056.74","7,767",351,"6,608",288,$13.32,$10.61,1.18,1.22,$11.33,$8.71,"13,343",195,49.52%,147.69%,520
6/30/25,"$85,595.27","$6,627.43","7,692",789,"6,616",655,$12.94,$10.12,1.16,1.20,$11.13,$8.40,"13,784",199,48.00%,329.15%,520
7/1/25,"$88,769.90","$9,147.27","8,130","1,082","6,879",861,$12.90,$10.62,1.18,1.26,$10.92,$8.45,"14,441",216,47.64%,398.61%,520
7/2/25,"$81,409.06","$5,979.36","7,406",699,"6,302",572,$12.92,$10.45,1.18,1.22,$10.99,$8.55,"14,045",223,44.87%,256.50%,519
7/3/25,"$73,827.06","$4,433.09","6,566",498,"5,583",392,$13.22,$11.31,1.18,1.27,$11.24,$8.90,"12,798",217,43.62%,180.65%,519
7/4/25,"$56,936.58","$2,756.25","5,063",321,"4,288",267,$13.28,$10.32,1.18,1.20,$11.25,$8.59,"10,779",161,39.78%,165.84%,518
7/5/25,"$67,180.04","$3,556.28","5,973",401,"5,074",301,$13.24,$11.81,1.18,1.33,$11.25,$8.87,"12,170",194,41.69%,155.15%,518
7/6/25,"$85,131.92","$2,981.64","7,519",347,"6,427",297,$13.25,$10.04,1.17,1.17,$11.32,$8.59,"14,854",197,43.27%,150.76%,517
7/7/25,"$81,313.15","$3,739.32","7,276",429,"6,171",348,$13.18,$10.75,1.18,1.23,$11.18,$8.72,"15,099",204,40.87%,170.59%,517
7/8/25,"$131,660.99","$4,314.56","11,667",500,"9,832",346,$13.39,$12.47,1.19,1.45,$11.28,$8.63,"20,324",314,48.38%,110.19%,516
7/9/25,"$106,636.22","$3,097.35","9,424",346,"7,865",258,$13.56,$12.01,1.20,1.34,$11.32,$8.95,"16,680",278,47.15%,92.81%,517
7/10/25,"$98,351.11","$4,020.26","8,688",441,"7,200",276,$13.66,$14.57,1.21,1.60,$11.32,$9.12,"15,155",234,47.51%,117.95%,516
7/11/25,"$102,909.98","$5,494.12","9,164",569,"7,534",292,$13.66,$18.82,1.22,1.95,$11.23,$9.66,"13,947",209,54.02%,139.71%,518
7/12/25,"$62,943.97","$2,089.86","5,560",235,"4,645",188,$13.55,$11.12,1.20,1.25,$11.32,$8.89,"11,735",181,39.58%,103.87%,518
7/13/25,"$81,442.10","$2,147.31","7,140",232,"6,035",198,$13.50,$10.84,1.18,1.17,$11.41,$9.26,"12,830",162,47.04%,122.22%,518
7/14/25,"$78,073.35","$3,200.47","6,946",369,"5,819",289,$13.42,$11.07,1.19,1.28,$11.24,$8.67,"13,769",245,42.26%,117.96%,516
7/15/25,"$79,872.01","$2,405.02","7,147",289,"6,073",244,$13.15,$9.86,1.18,1.18,$11.18,$8.32,"14,246",214,42.63%,114.02%,518
7/16/25,"$79,192.28","$3,502.59","7,024",377,"5,967",275,$13.27,$12.74,1.18,1.37,$11.27,$9.29,"14,256",219,41.86%,125.57%,520
7/17/25,"$80,265.32","$2,473.67","7,137",288,"6,068",233,$13.23,$10.62,1.18,1.24,$11.25,$8.59,"13,932",232,43.55%,100.43%,520
7/18/25,"$70,189.29","$2,224.71","6,324",249,"5,333",190,$13.16,$11.71,1.19,1.31,$11.10,$8.93,"12,499",189,42.67%,100.53%,520
7/19/25,"$73,687.04","$1,744.45","6,553",204,"5,541",184,$13.30,$9.48,1.18,1.11,$11.24,$8.55,"12,374",159,44.78%,115.72%,522
7/20/25,"$86,489.22","$1,986.24","7,624",219,"6,551",182,$13.20,$10.91,1.16,1.20,$11.34,$9.07,"14,522",209,45.11%,87.08%,522
7/21/25,"$85,626.10","$2,574.18","7,590",292,"6,502",230,$13.17,$11.19,1.17,1.27,$11.28,$8.82,"14,428",210,45.07%,109.52%,521
7/22/25,"$81,005.40","$2,987.65","7,179",322,"6,133",235,$13.21,$12.71,1.17,1.37,$11.28,$9.28,"13,935",200,44.01%,117.50%,521
7/23/25,"$82,552.32","$4,142.50","7,428",490,"6,131",182,$13.46,$22.76,1.21,2.69,$11.11,$8.45,"13,547",223,45.26%,81.61%,526
7/24/25,"$76,142.84","$2,144.53","6,818",239,"5,855",192,$13.00,$11.17,1.16,1.24,$11.17,$8.97,"13,285",213,44.07%,90.14%,526
7/25/25,"$72,587.16","$2,875.33","6,470",299,"5,482",192,$13.24,$14.98,1.18,1.56,$11.22,$9.62,"12,409",179,44.18%,107.26%,526
7/26/25,"$75,793.90","$2,194.20","6,664",222,"5,698",160,$13.30,$13.71,1.17,1.39,$11.37,$9.88,"12,659",190,45.01%,84.21%,526
7/27/25,"$90,138.00","$2,354.25","7,871",251,"6,704",182,$13.45,$12.94,1.17,1.38,$11.45,$9.38,"14,122",201,47.47%,90.55%,526
7/28/25,"$88,637.87","$3,209.38","7,884",357,"6,713",243,$13.20,$13.21,1.17,1.47,$11.24,$8.99,"14,414",230,46.57%,105.65%,526
7/29/25,"$83,570.85","$2,213.56","7,373",255,"6,293",198,$13.28,$11.18,1.17,1.29,$11.33,$8.68,"14,272",201,44.09%,98.51%,528
7/30/25,"$84,711.50","$2,314.70","7,496",264,"6,437",217,$13.16,$10.67,1.16,1.22,$11.30,$8.77,"14,186",222,45.38%,97.75%,526
7/31/25,"$86,708.04","$2,552.07","7,679",270,"6,615",204,$13.11,$12.51,1.16,1.32,$11.29,$9.45,"14,523",263,45.55%,77.57%,525
8/1/25,"$78,582.01","$1,591.83","7,041",171,"6,088",153,$12.91,$10.40,1.16,1.12,$11.16,$9.31,"13,310",219,45.74%,69.86%,523
8/2/25,"$79,223.42","$2,225.31","6,998",240,"5,952",148,$13.31,$15.04,1.18,1.62,$11.32,$9.27,"13,096",178,45.45%,83.15%,523
8/3/25,"$90,560.30","$2,044.24","7,929",216,"6,807",153,$13.30,$13.36,1.16,1.41,$11.42,$9.46,"14,608",193,46.60%,79.27%,526
8/4/25,"$85,906.88","$2,462.51","7,523",249,"6,403",187,$13.42,$13.17,1.17,1.33,$11.42,$9.89,"13,591",204,47.11%,91.67%,527
8/5/25,"$80,351.97","$2,139.44","7,077",238,"6,032",187,$13.32,$11.44,1.17,1.27,$11.35,$8.99,"13,532",219,44.58%,85.39%,530
8/6/25,"$80,406.35","$2,151.68","7,071",231,"6,030",169,$13.33,$12.73,1.17,1.37,$11.37,$9.31,"13,529",223,44.57%,75.78%,529
8/7/25,"$76,945.43","$1,973.44","6,786",209,"5,808",170,$13.25,$11.61,1.17,1.23,$11.34,$9.44,"12,974",191,44.77%,89.01%,528
8/8/25,"$69,760.86","$1,349.92","6,243",155,"5,290",134,$13.19,$10.07,1.18,1.16,$11.17,$8.71,"12,275",221,43.10%,60.63%,529
8/9/25,"$71,896.26","$1,754.34","6,360",192,"5,398",143,$13.32,$12.27,1.18,1.34,$11.30,$9.14,"12,383",188,43.59%,76.06%,530
8/10/25,"$89,551.60","$1,602.66","7,936",179,"6,772",148,$13.22,$10.83,1.17,1.21,$11.28,$8.95,"14,096",208,48.04%,71.15%,529
8/11/25,"$86,057.64","$2,696.85","7,627",278,"6,390",197,$13.47,$13.69,1.19,1.41,$11.28,$9.70,"14,365",247,44.48%,79.76%,531
8/12/25,"$84,617.40","$2,533.44","7,522",273,"6,352",137,$13.32,$18.49,1.18,1.99,$11.25,$9.28,"14,509",245,43.78%,55.92%,532
8/13/25,"$83,711.99","$2,222.41","7,506",237,"6,388",198,$13.10,$11.22,1.18,1.20,$11.15,$9.38,"14,241",254,44.86%,77.95%,531
8/14/25,"$80,982.62","$4,399.36","7,405",531,"6,081",176,$13.32,$25.00,1.22,3.02,$10.94,$8.28,"13,554",226,44.86%,77.88%,532
8/15/25,"$77,585.54","$2,892.64","6,987",291,"5,913",173,$13.12,$16.72,1.18,1.68,$11.10,$9.94,"12,978",223,45.56%,77.58%,532
8/16/25,"$76,107.39","$2,036.78","6,816",211,"5,785",150,$13.16,$13.58,1.18,1.41,$11.17,$9.65,"13,146",174,44.01%,86.21%,531
8/17/25,"$94,310.35","$1,770.04","8,391",190,"7,201",154,$13.10,$11.49,1.17,1.23,$11.24,$9.32,"14,593",188,49.35%,81.91%,530
8/18/25,"$89,678.98","$2,455.09","7,991",266,"6,791",203,$13.21,$12.09,1.18,1.31,$11.22,$9.23,"14,862",243,45.69%,83.54%,535
8/19/25,"$86,991.88","$2,678.87","7,811",280,"6,615",179,$13.15,$14.97,1.18,1.56,$11.14,$9.57,"14,519",223,45.56%,80.27%,536
8/20/25,"$86,873.89","$2,227.92","7,687",230,"6,419",177,$13.53,$12.59,1.20,1.30,$11.30,$9.69,"14,427",236,44.49%,75.00%,534
8/21/25,"$84,826.19","$2,060.57","7,560",217,"6,477",162,$13.10,$12.72,1.17,1.34,$11.22,$9.50,"14,377",225,45.05%,72.00%,538
8/22/25,"$74,215.50","$2,233.19","6,628",228,"5,663",133,$13.11,$16.79,1.17,1.71,$11.20,$9.79,"12,788",234,44.28%,56.84%,537
8/23/25,"$81,414.19","$2,734.69","7,259",258,"6,186",136,$13.16,$20.11,1.17,1.90,$11.22,$10.60,"13,574",202,45.57%,67.33%,534
8/24/25,"$92,615.71","$1,863.13","8,247",199,"7,089",153,$13.06,$12.18,1.16,1.30,$11.23,$9.36,"14,802",215,47.89%,71.16%,534
8/25/25,"$86,637.96","$2,788.86","7,712",291,"6,575",201,$13.18,$13.87,1.17,1.45,$11.23,$9.58,"14,059",249,46.77%,80.72%,535
8/26/25,"$82,711.79","$2,073.00","7,259",208,"6,209",155,$13.32,$13.37,1.17,1.34,$11.39,$9.97,"13,901",256,44.67%,60.55%,534
8/27/25,"$82,927.93","$2,063.15","7,374",220,"6,338",158,$13.08,$13.06,1.16,1.39,$11.25,$9.38,"13,677",234,46.34%,67.52%,533
8/28/25,"$80,869.39","$1,826.03","7,160",195,"6,123",142,$13.21,$12.86,1.17,1.37,$11.29,$9.36,"13,862",218,44.17%,65.14%,532
8/29/25,"$75,511.67","$1,471.16","6,684",165,"5,730",131,$13.18,$11.23,1.17,1.26,$11.30,$8.92,"12,666",196,45.24%,66.84%,532
8/30/25,"$76,676.50","$1,670.32","6,732",164,"5,813",137,$13.19,$12.19,1.16,1.20,$11.39,$10.18,"12,392",177,46.91%,77.40%,531
8/31/25,"$82,371.76","$1,728.93","7,248",182,"6,225",158,$13.23,$10.94,1.16,1.15,$11.36,$9.50,"13,170",189,47.27%,83.60%,533
9/1/25,"$92,052.61","$1,839.81","8,091",204,"6,848",164,$13.44,$11.22,1.18,1.24,$11.38,$9.02,"14,476",229,47.31%,71.62%,532
9/2/25,"$85,907.59","$3,170.56","7,539",306,"6,309",163,$13.62,$19.45,1.20,1.88,$11.40,$10.36,"13,706",252,46.03%,64.68%,529
9/3/25,"$85,032.27","$2,744.06","7,554",266,"6,465",175,$13.15,$15.68,1.17,1.52,$11.26,$10.32,"13,873",230,46.60%,76.09%,534
9/4/25,"$82,529.66","$3,572.54","7,335",343,"6,245",161,$13.22,$22.19,1.17,2.13,$11.25,$10.42,"13,642",182,45.78%,88.46%,533
9/5/25,"$72,973.87","$2,076.58","6,585",224,"5,673",158,$12.86,$13.14,1.16,1.42,$11.08,$9.27,"12,658",214,44.82%,73.83%,531
9/6/25,"$75,608.49","$1,954.67","6,678",191,"5,733",134,$13.19,$14.59,1.16,1.43,$11.32,$10.23,"13,052",191,43.92%,70.16%,532
9/7/25,"$93,099.21","$1,517.38","8,190",155,"7,048",134,$13.21,$11.32,1.16,1.16,$11.37,$9.79,"14,200",188,49.63%,71.28%,531
9/8/25,"$88,918.93","$3,543.18","7,869",349,"6,650",184,$13.37,$19.26,1.18,1.90,$11.30,$10.15,"14,190",207,46.86%,88.89%,532
9/9/25,"$82,362.38","$2,031.05","7,324",224,"6,279",165,$13.12,$12.31,1.17,1.36,$11.25,$9.07,"13,721",241,45.76%,68.46%,530
9/10/25,"$80,299.48","$2,016.18","7,229",226,"6,111",147,$13.14,$13.72,1.18,1.54,$11.11,$8.92,"12,805",191,47.72%,76.96%,530
9/11/25,"$77,094.66","$2,235.03","6,932",239,"5,919",170,$13.02,$13.15,1.17,1.41,$11.12,$9.35,"12,015",211,49.26%,80.57%,529
9/12/25,"$69,012.44","$1,979.78","6,194",225,"5,333",163,$12.94,$12.15,1.16,1.38,$11.14,$8.80,"11,330",219,47.07%,74.43%,533
9/13/25,"$74,696.25","$1,562.82","6,685",162,"5,792",140,$12.90,$11.16,1.15,1.16,$11.17,$9.65,"11,762",161,49.24%,86.96%,531
9/14/25,"$90,880.07","$1,831.74","8,125",187,"6,989",137,$13.00,$13.37,1.16,1.36,$11.19,$9.80,"13,505",172,51.75%,79.65%,532
9/15/25,"$90,013.92","$1,938.67","8,028",223,"6,782",161,$13.27,$12.04,1.18,1.39,$11.21,$8.69,"12,884",212,52.64%,75.94%,593
9/16/25,"$91,178.93","$4,068.83","8,137",406,"6,771",197,$13.47,$20.65,1.20,2.06,$11.21,$10.02,"13,212",245,51.25%,80.41%,593
9/17/25,"$85,153.57","$2,805.59","7,636",302,"6,529",198,$13.04,$14.17,1.17,1.53,$11.15,$9.29,"13,515",224,48.31%,88.39%,602
9/18/25,"$83,506.70","$1,979.25","7,491",216,"6,384",158,$13.08,$12.53,1.17,1.37,$11.15,$9.16,"13,282",181,48.07%,87.29%,554
9/19/25,"$76,459.66","$1,838.25","6,807",197,"5,804",153,$13.17,$12.01,1.17,1.29,$11.23,$9.33,"12,279",200,47.27%,76.50%,601
9/20/25,"$79,590.83","$1,728.02","7,063",178,"6,028",125,$13.20,$13.82,1.17,1.42,$11.27,$9.71,"12,753",169,47.27%,73.96%,594
9/21/25,"$94,633.76","$2,026.74","8,357",209,"7,127",172,$13.28,$11.78,1.17,1.22,$11.32,$9.70,"14,127",214,50.45%,80.37%,600
9/22/25,"$90,010.05","$3,287.11","8,087",377,"6,841",222,$13.16,$14.81,1.18,1.70,$11.13,$8.72,"14,092",214,48.55%,103.74%,590
9/23/25,"$85,803.88","$2,579.92","7,644",302,"6,552",226,$13.10,$11.42,1.17,1.34,$11.22,$8.54,"14,611",225,44.84%,100.44%,591
9/24/25,"$83,918.04","$2,778.11","7,451",300,"6,381",204,$13.15,$13.62,1.17,1.47,$11.26,$9.26,"14,849",242,42.97%,84.30%,591
9/25/25,"$85,222.66","$2,426.66","7,621",274,"6,540",226,$13.03,$10.74,1.17,1.21,$11.18,$8.86,"13,864",226,47.17%,100.00%,590
9/26/25,"$75,263.70","$3,502.79","6,744",376,"5,657",181,$13.30,$19.35,1.19,2.08,$11.16,$9.32,"12,104",205,46.74%,88.29%,590
9/27/25,"$77,614.25","$2,226.41","6,933",242,"5,857",191,$13.25,$11.66,1.18,1.27,$11.19,$9.20,"12,641",190,46.33%,100.53%,589
9/28/25,"$90,123.54","$2,589.54","8,000",294,"6,862",219,$13.13,$11.82,1.17,1.34,$11.27,$8.81,"13,634",184,50.33%,119.02%,588
9/29/25,"$92,685.19","$4,850.47","8,315",560,"6,852",388,$13.53,$12.50,1.21,1.44,$11.15,$8.66,"13,536",235,50.62%,165.11%,589
9/30/25,"$91,957.42","$5,801.18","8,282",696,"6,992",573,$13.15,$10.12,1.18,1.21,$11.10,$8.34,"13,551",213,51.60%,269.01%,593
10/1/25,"$94,281.18","$7,973.22","8,635",951,"7,352",797,$12.82,$10.00,1.17,1.19,$10.92,$8.38,"13,335",213,55.13%,374.18%,599
10/2/25,"$91,247.89","$5,569.65","8,272",684,"7,059",506,$12.93,$11.01,1.17,1.35,$11.03,$8.14,"13,322",211,52.99%,239.81%,598
10/3/25,"$80,312.98","$4,400.33","7,254",496,"6,098",368,$13.17,$11.96,1.19,1.35,$11.07,$8.87,"11,912",205,51.19%,179.51%,597
10/4/25,"$77,346.54","$3,553.37","6,970",412,"5,950",327,$13.00,$10.87,1.17,1.26,$11.10,$8.62,"11,774",179,50.54%,182.68%,598
10/5/25,"$89,472.29","$2,977.09","7,956",327,"6,745",254,$13.26,$11.72,1.18,1.29,$11.25,$9.10,"13,274",190,50.81%,133.68%,597
10/6/25,"$87,815.88","$3,818.62","7,823",446,"6,518",358,$13.47,$10.67,1.20,1.25,$11.23,$8.56,"13,929",224,46.79%,159.82%,598
10/7/25,"$119,029.01","$4,216.41","10,231",454,"8,628",356,$13.80,$11.84,1.19,1.28,$11.63,$9.29,"16,820",249,51.30%,142.97%,599
10/8/25,"$116,499.65","$3,724.28","10,223",413,"8,659",331,$13.45,$11.25,1.18,1.25,$11.40,$9.02,"16,188",290,53.49%,114.14%,599
10/9/25,"$79,903.85","$2,876.86","7,153",321,"6,045",263,$13.22,$10.94,1.18,1.22,$11.17,$8.96,"13,033",241,46.38%,109.13%,601
10/10/25,"$75,906.73","$3,072.19","6,830",335,"5,836",259,$13.01,$11.86,1.17,1.29,$11.11,$9.17,"14,235",220,41.00%,117.73%,601
10/11/25,"$74,189.37","$2,520.74","6,592",275,"5,646",227,$13.14,$11.10,1.17,1.21,$11.25,$9.17,"13,409",206,42.11%,110.19%,598
10/12/25,"$89,559.01","$2,530.75","7,970",280,"6,734",218,$13.30,$11.61,1.18,1.28,$11.24,$9.04,"14,315",232,47.04%,93.97%,599
10/13/25,"$86,245.16","$3,141.65","7,615",349,"6,522",274,$13.22,$11.47,1.17,1.27,$11.33,$9.00,"14,161",218,46.06%,125.69%,597
10/14/25,"$82,840.56","$3,901.95","7,368",397,"6,239",248,$13.28,$15.73,1.18,1.60,$11.24,$9.83,"13,666",221,45.65%,112.22%,596
10/15/25,"$85,605.58","$2,584.28","7,586",275,"6,525",226,$13.12,$11.43,1.16,1.22,$11.28,$9.40,"14,081",217,46.34%,104.15%,601
10/16/25,"$79,989.92","$2,917.15","7,096",320,"6,094",237,$13.13,$12.31,1.16,1.35,$11.27,$9.12,"13,545",215,44.99%,110.23%,599
10/17/25,"$72,911.29","$2,523.83","6,474",268,"5,481",208,$13.30,$12.13,1.18,1.29,$11.26,$9.42,"12,509",220,43.82%,94.55%,597
10/18/25,"$74,030.60","$2,701.22","6,664",303,"5,541",158,$13.36,$17.10,1.20,1.92,$11.11,$8.91,"12,194",158,45.44%,100.00%,599
10/19/25,"$89,509.75","$2,756.35","7,921",290,"6,717",189,$13.33,$14.58,1.18,1.53,$11.30,$9.50,"13,227",198,50.78%,95.45%,596
10/20/25,"$73,508.00","$2,374.15","6,517",268,"5,527",201,$13.30,$11.81,1.18,1.33,$11.28,$8.86,"8,856",128,62.41%,157.03%,597
10/21/25,"$82,059.20","$3,551.51","7,367",392,"6,177",281,$13.28,$12.64,1.19,1.40,$11.14,$9.06,"13,397",279,46.11%,100.72%,597
10/22/25,"$81,609.53","$2,989.78","7,287",333,"6,163",254,$13.24,$11.77,1.18,1.31,$11.20,$8.98,"13,243",260,46.54%,97.69%,597
10/23/25,"$79,277.56","$3,433.84","7,128",379,"6,005",259,$13.20,$13.26,1.19,1.46,$11.12,$9.06,"12,674",205,47.38%,126.34%,598
10/24/25,"$74,876.01","$3,736.01","6,729",369,"5,568",199,$13.45,$18.77,1.21,1.85,$11.13,$10.12,"12,021",173,46.32%,115.03%,600
10/25/25,"$74,727.75","$1,845.23","6,681",199,"5,659",161,$13.21,$11.46,1.18,1.24,$11.19,$9.27,"11,909",195,47.52%,82.56%,597
10/26/25,"$88,952.17","$2,100.73","7,888",216,"6,709",175,$13.26,$12.00,1.18,1.23,$11.28,$9.73,"13,704",190,48.96%,92.11%,597
10/27/25,"$85,285.50","$3,027.67","7,597",335,"6,379",263,$13.37,$11.51,1.19,1.27,$11.23,$9.04,"13,590",208,46.94%,126.44%,597
10/28/25,"$81,666.32","$3,414.64","7,352",381,"6,197",283,$13.18,$12.07,1.19,1.35,$11.11,$8.96,"13,310",246,46.56%,115.04%,601
10/29/25,"$79,738.77","$2,105.02","7,217",215,"6,132",178,$13.00,$11.83,1.18,1.21,$11.05,$9.79,"13,149",210,46.63%,84.76%,601
10/30/25,"$84,489.18","$3,534.10","7,627",383,"6,475",299,$13.05,$11.82,1.18,1.28,$11.08,$9.23,"12,789",232,50.63%,128.88%,603
10/31/25,"$71,935.09","$2,366.27","6,473",266,"5,459",206,$13.18,$11.49,1.19,1.29,$11.11,$8.90,"10,693",175,51.05%,117.71%,603
11/1/25,"$78,178.88","$2,185.31","7,037",237,"5,924",184,$13.20,$11.88,1.19,1.29,$11.11,$9.22,"11,814",177,50.14%,103.95%,598
11/2/25,"$93,709.29","$2,851.91","8,411",294,"7,128",216,$13.15,$13.20,1.18,1.36,$11.14,$9.70,"13,758",210,51.81%,102.86%,597
11/3/25,"$90,064.18","$3,122.20","8,016",334,"6,821",265,$13.20,$11.78,1.18,1.26,$11.24,$9.35,"13,753",217,49.60%,122.12%,602
11/4/25,"$89,649.95","$3,286.81","7,978",361,"6,619",231,$13.54,$14.23,1.21,1.56,$11.24,$9.10,"13,557",209,48.82%,110.53%,600
11/5/25,"$88,784.59","$2,658.36","8,015",283,"6,633",213,$13.39,$12.48,1.21,1.33,$11.08,$9.39,"12,914",260,51.36%,81.92%,597
11/6/25,"$85,405.71","$2,709.06","7,676",299,"6,510",225,$13.12,$12.04,1.18,1.33,$11.13,$9.06,"14,295",252,45.54%,89.29%,597
11/7/25,"$77,448.27","$2,966.39","6,864",263,"5,802",159,$13.35,$18.66,1.18,1.65,$11.28,$11.28,"12,783",212,45.39%,75.00%,599
11/8/25,"$81,864.32","$2,518.17","7,283",284,"6,206",189,$13.19,$13.32,1.17,1.50,$11.24,$8.87,"13,018",211,47.67%,89.57%,602
11/9/25,"$94,443.33","$2,022.20","8,374",217,"7,198",172,$13.12,$11.76,1.16,1.26,$11.28,$9.32,"14,782",233,48.69%,73.82%,601
11/10/25,"$89,822.54","$2,562.87","8,000",280,"6,828",226,$13.16,$11.34,1.17,1.24,$11.23,$9.15,"14,584",248,46.82%,91.13%,599
11/11/25,"$86,451.86","$2,275.01","7,729",251,"6,545",209,$13.21,$10.89,1.18,1.20,$11.19,$9.06,"15,431",235,42.41%,88.94%,597
11/12/25,"$82,862.82","$2,736.11","7,391",286,"6,258",228,$13.24,$12.00,1.18,1.25,$11.21,$9.57,"13,409",215,46.67%,106.05%,595
11/13/25,"$82,040.65","$2,874.36","7,317",281,"6,264",206,$13.10,$13.95,1.17,1.36,$11.21,$10.23,"13,325",221,47.01%,93.21%,596
11/14/25,"$79,566.42","$2,367.58","7,130",247,"6,026",185,$13.20,$12.80,1.18,1.34,$11.16,$9.59,"12,856",195,46.87%,94.87%,596
11/15/25,"$84,909.35","$2,014.93","7,648",217,"6,455",153,$13.15,$13.17,1.18,1.42,$11.10,$9.29,"13,143",182,49.11%,84.07%,595
11/16/25,"$98,040.38","$2,498.47","8,737",278,"7,417",216,$13.22,$11.57,1.18,1.29,$11.22,$8.99,"15,029",235,49.35%,91.91%,595
11/17/25,"$93,116.31","$4,189.77","8,329",453,"6,987",263,$13.33,$15.93,1.19,1.72,$11.18,$9.25,"14,389",258,48.56%,101.94%,597
11/18/25,"$87,197.92","$2,771.20","7,730",290,"6,559",218,$13.29,$12.71,1.18,1.33,$11.28,$9.56,"13,785",228,47.58%,95.61%,596
11/19/25,"$86,072.38","$2,680.93","7,640",299,"6,539",215,$13.16,$12.47,1.17,1.39,$11.27,$8.97,"14,053",237,46.53%,90.72%,596
11/20/25,"$90,050.55","$2,323.42","7,993",263,"6,684",202,$13.47,$11.50,1.20,1.30,$11.27,$8.83,"13,964",224,47.87%,90.18%,595
11/21/25,"$81,019.66","$4,176.64","7,218",418,"5,936",200,$13.65,$20.88,1.22,2.09,$11.22,$9.99,"12,628",171,47.01%,116.96%,595
11/22/25,"$80,068.46","$2,097.75","7,048",213,"5,938",150,$13.48,$13.98,1.19,1.42,$11.36,$9.85,"11,906",158,49.87%,94.94%,593
11/23/25,"$91,609.08","$2,167.79","8,061",221,"6,792",136,$13.49,$15.94,1.19,1.62,$11.36,$9.81,"12,870",207,52.77%,65.70%,592
11/24/25,"$80,477.79","$2,098.19","7,080",229,"5,902",182,$13.64,$11.53,1.20,1.26,$11.37,$9.16,"12,035",191,49.04%,95.29%,590
11/25/25,"$77,660.57","$2,647.47","6,898",283,"5,655",181,$13.73,$14.63,1.22,1.56,$11.26,$9.36,"10,933",186,51.72%,97.31%,590
11/26/25,"$67,689.34","$1,862.64","5,978",203,"5,003",161,$13.53,$11.57,1.19,1.26,$11.32,$9.18,"10,117",148,49.45%,108.78%,592
11/27/25,"$64,193.09","$1,287.08","5,839",135,"4,925",96,$13.03,$13.41,1.19,1.41,$10.99,$9.53,"12,242",188,40.23%,51.06%,592
11/28/25,"$105,505.54","$2,406.14","9,653",250,"8,082",178,$13.05,$13.52,1.19,1.40,$10.93,$9.62,"17,601",257,45.92%,69.26%,589
11/29/25,"$86,014.24","$1,774.30","7,834",201,"6,516",156,$13.20,$11.37,1.20,1.29,$10.98,$8.83,"15,860",196,41.08%,79.59%,586
11/30/25,"$107,956.49","$2,427.42","9,874",268,"8,304",229,$13.00,$10.60,1.19,1.17,$10.93,$9.06,"19,242",265,43.16%,86.42%,586
12/1/25,"$123,928.27","$3,415.84","11,330",365,"9,476",262,$13.08,$13.04,1.20,1.39,$10.94,$9.36,"19,836",268,47.77%,97.76%,589
12/2/25,"$85,116.57","$2,595.08","7,590",291,"6,382",229,$13.34,$11.33,1.19,1.27,$11.21,$8.92,"15,980",217,39.94%,105.53%,588
12/3/25,"$81,215.79","$2,952.59","7,375",340,"6,148",241,$13.21,$12.25,1.20,1.41,$11.01,$8.68,"13,552",189,45.37%,127.51%,586
12/4/25,"$79,095.64","$2,464.24","7,041",280,"5,883",220,$13.44,$11.20,1.20,1.27,$11.23,$8.80,"12,574",193,46.79%,113.99%,588
12/5/25,"$74,535.12","$2,441.90","6,727",269,"5,641",213,$13.21,$11.46,1.19,1.26,$11.08,$9.08,"12,114",212,46.57%,100.47%,587
12/6/25,"$75,421.11","$2,233.80","6,844",241,"5,819",200,$12.96,$11.17,1.18,1.20,$11.02,$9.27,"12,466",170,46.68%,117.65%,585
12/7/25,"$92,358.91","$2,292.83","8,297",251,"7,011",191,$13.17,$12.00,1.18,1.31,$11.13,$9.13,"13,677",211,51.26%,90.52%,581
12/8/25,"$84,293.76","$2,442.57","7,675",277,"6,370",214,$13.23,$11.41,1.20,1.29,$10.98,$8.82,"13,010",199,48.96%,107.54%,580
12/9/25,"$80,574.65","$2,510.00","7,253",273,"6,082",203,$13.25,$12.36,1.19,1.34,$11.11,$9.19,"12,561",201,48.42%,101.00%,576
12/10/25,"$87,523.70","$2,643.25","8,094",302,"6,764",239,$12.94,$11.06,1.20,1.26,$10.81,$8.75,"15,395",231,43.94%,103.46%,579
12/11/25,"$79,213.65","$3,021.68","7,143",343,"6,034",242,$13.13,$12.49,1.18,1.42,$11.09,$8.81,"12,126",172,49.76%,140.70%,580
12/12/25,"$70,590.07","$2,199.79","6,362",236,"5,285",175,$13.36,$12.57,1.20,1.35,$11.10,$9.32,"10,831",226,48.80%,77.43%,578
12/13/25,"$76,430.64","$1,810.73","6,744",203,"5,682",160,$13.45,$11.32,1.19,1.27,$11.33,$8.92,"11,283",173,50.36%,92.49%,580
12/14/25,"$88,686.31","$2,374.71","7,944",270,"6,644",193,$13.35,$12.30,1.20,1.40,$11.16,$8.80,"12,540",206,52.98%,93.69%,578
12/15/25,"$84,918.17","$3,140.00","7,675",348,"6,433",267,$13.20,$11.76,1.19,1.30,$11.06,$9.02,"12,065",219,53.32%,121.92%,575
12/16/25,"$75,453.15","$2,545.46","6,798",291,"5,814",227,$12.98,$11.21,1.17,1.28,$11.10,$8.75,"12,047",211,48.26%,107.58%,574
12/17/25,"$79,490.35","$2,570.63","7,183",296,"6,145",230,$12.94,$11.18,1.17,1.29,$11.07,$8.68,"12,817",201,47.94%,114.43%,572
12/18/25,"$76,522.33","$2,612.24","6,903",292,"5,834",236,$13.12,$11.07,1.18,1.24,$11.09,$8.95,"13,084",217,44.59%,108.76%,570
12/19/25,"$74,759.93","$2,923.10","6,846",327,"5,753",212,$12.99,$13.79,1.19,1.54,$10.92,$8.94,"13,287",236,43.30%,89.83%,570
12/20/25,"$72,206.33","$1,551.82","6,568",178,"5,606",154,$12.88,$10.08,1.17,1.16,$10.99,$8.72,"12,956",188,43.27%,81.91%,571
12/21/25,"$82,927.21","$2,073.32","7,443",225,"6,341",166,$13.08,$12.49,1.17,1.36,$11.14,$9.21,"13,269",185,47.79%,89.73%,569
12/22/25,"$71,194.19","$2,300.70","6,399",252,"5,501",199,$12.94,$11.56,1.16,1.27,$11.13,$9.13,"12,741",183,43.18%,108.74%,577
12/23/25,"$61,367.76","$1,873.56","5,424",209,"4,624",171,$13.27,$10.96,1.17,1.22,$11.31,$8.96,"11,104",174,41.64%,98.28%,578
12/24/25,"$50,235.88","$1,643.56","4,518",179,"3,828",123,$13.12,$13.36,1.18,1.46,$11.12,$9.18,"8,761",122,43.69%,100.82%,577
12/25/25,"$48,126.18","$1,177.80","4,345",125,"3,762",102,$12.79,$11.55,1.16,1.23,$11.08,$9.42,"10,236",153,36.75%,66.67%,581
12/26/25,"$78,160.80","$2,918.23","7,070",353,"5,947",209,$13.14,$13.96,1.19,1.69,$11.06,$8.27,"14,597",216,40.74%,96.76%,581
12/27/25,"$83,676.61","$2,282.49","7,501",262,"6,345",204,$13.19,$11.19,1.18,1.28,$11.16,$8.71,"15,281",232,41.52%,87.93%,584
12/28/25,"$95,574.49","$3,712.72","8,694",413,"7,301",260,$13.09,$14.28,1.19,1.59,$10.99,$8.99,"16,911",228,43.17%,114.04%,574
12/29/25,"$88,979.02","$4,518.96","8,111",521,"6,843",407,$13.00,$11.10,1.19,1.28,$10.97,$8.67,"16,727",279,40.91%,145.88%,573
12/30/25,"$87,131.10","$5,092.81","7,980",622,"6,690",441,$13.02,$11.55,1.19,1.41,$10.92,$8.19,"16,632",289,40.22%,152.60%,570
12/31/25,"$79,419.79","$5,374.16","7,282",655,"6,283",526,$12.64,$10.22,1.16,1.25,$10.91,$8.20,"14,821",200,42.39%,263.00%,569
1/1/26,"$89,333.80","$3,294.18","8,152",383,"7,077",325,$12.62,$10.14,1.15,1.18,$10.96,$8.60,"18,434",271,38.39%,119.93%,563
1/2/26,"$91,966.96","$3,944.13","8,428",437,"7,184",325,$12.80,$12.14,1.17,1.34,$10.91,$9.03,"19,071",282,37.67%,115.25%,566
1/3/26,"$90,521.25","$2,840.30","8,267",319,"7,010",255,$12.91,$11.14,1.18,1.25,$10.95,$8.90,"19,472",276,36.00%,92.39%,562
1/4/26,"$102,610.25","$3,104.76","9,287",348,"7,942",240,$12.92,$12.94,1.17,1.45,$11.05,$8.92,"20,775",294,38.23%,81.63%,555
1/5/26,"$95,379.22","$4,585.86","8,621",500,"7,283",284,$13.10,$16.15,1.18,1.76,$11.06,$9.17,"18,588",299,39.18%,94.98%,547
1/6/26,"$89,511.59","$2,390.34","8,110",264,"6,949",228,$12.88,$10.48,1.17,1.16,$11.04,$9.05,"18,160",261,38.27%,87.36%,547